repo_id,name,full_name,owner,stars,created_at,pushed_at,html_url,default_branch,description,archived,size_kb,engine
212840200,snakemake,snakemake/snakemake,snakemake,2720,2019-10-04T14:58:11+00:00,2026-03-10T21:08:35+00:00,https://github.com/snakemake/snakemake,main,"This is the development home of the workflow management system Snakemake. For general information, see",false,95466,snakemake
165259818,snakecharm,JetBrains-Research/snakecharm,JetBrains-Research,62,2019-01-11T14:49:20+00:00,2025-08-14T18:25:58+00:00,https://github.com/JetBrains-Research/snakecharm,master,Plugin for PyCharm / IntelliJ IDEA Platform IDEs which adds support for Snakemake language.,false,3192,snakemake
800999952,Snakebite-Holoruminant-MetaG,fischuu/Snakebite-Holoruminant-MetaG,fischuu,9,2024-05-15T12:06:30+00:00,2026-02-19T16:53:08+00:00,https://github.com/fischuu/Snakebite-Holoruminant-MetaG,main,Easy to use Snakemake metagenomic pipeline that covers a) read-based analysis b) contig based analysis and c) MAG assembly and annotation using a broad set of ready to use and included public databases and annotators,false,29110,snakemake
185782433,MONSDA,jfallmann/MONSDA,jfallmann,12,2019-05-09T11:02:03+00:00,2026-02-16T14:31:56+00:00,https://github.com/jfallmann/MONSDA,main,"MONSDA, Modular Organizer of Nextflow and Snakemake driven hts Data Analysis",false,27058,snakemake
180403483,project-diploid-assembly,ptrebert/project-diploid-assembly,ptrebert,16,2019-04-09T16:01:38+00:00,2024-04-02T17:24:55+00:00,https://github.com/ptrebert/project-diploid-assembly,master,Pipeline code for creating a fully haplotype-resolved assembly from a combination of PacBio/ONT long reads and Illumina Strand-seq data,false,11417,snakemake
261610578,grenepipe,moiexpositoalonsolab/grenepipe,moiexpositoalonsolab,113,2020-05-06T00:06:58+00:00,2025-06-24T14:21:06+00:00,https://github.com/moiexpositoalonsolab/grenepipe,master,"A flexible, scalable, and reproducible pipeline to automate variant calling from raw sequence reads, with lots of bells and whistles - for sampled individuals, and for pool sequencing.",false,105005,snakemake
196379320,seq2science,vanheeringen-lab/seq2science,vanheeringen-lab,168,2019-07-11T11:12:45+00:00,2026-02-24T16:18:56+00:00,https://github.com/vanheeringen-lab/seq2science,master,"Automated and customizable preprocessing of Next-Generation Sequencing data, including full (sc)ATAC-seq, ChIP-seq, and (sc)RNA-seq workflows. Works equally easy with public as local data. ",false,1493649,snakemake
1117635480,snakesee,nh13/snakesee,nh13,5,2025-12-16T15:39:39+00:00,2026-03-02T00:03:49+00:00,https://github.com/nh13/snakesee,main,A terminal UI for monitoring Snakemake workflows,false,576,snakemake
206941559,mosaicatcher-pipeline,friendsofstrandseq/mosaicatcher-pipeline,friendsofstrandseq,26,2019-09-07T08:50:59+00:00,2026-03-09T22:29:13+00:00,https://github.com/friendsofstrandseq/mosaicatcher-pipeline,main, Integrated workflow for SV calling from single-cell Strand-seq data ,false,17606,snakemake
87789709,V-pipe,cbg-ethz/V-pipe,cbg-ethz,144,2017-04-10T09:01:20+00:00,2025-11-19T13:50:37+00:00,https://github.com/cbg-ethz/V-pipe,master,V-pipe is a pipeline designed for analysing NGS data of short viral genomes,false,18428,snakemake
516436809,CATD_snakemake,Papatheodorou-Group/CATD_snakemake,Papatheodorou-Group,15,2022-07-21T16:03:00+00:00,2025-04-28T12:22:04+00:00,https://github.com/Papatheodorou-Group/CATD_snakemake,main,Snakemake pipeline for benchmarking cell-type deconvolution methods and deconvolving real bulk RNA-seq data with the use of scRNA-seq datasets,false,28872,snakemake
75199304,atlas,metagenome-atlas/atlas,metagenome-atlas,402,2016-11-30T15:19:28+00:00,2025-11-28T13:35:38+00:00,https://github.com/metagenome-atlas/atlas,main,ATLAS - Three commands to start analyzing your metagenome data,false,21305,snakemake
234527100,dna-seq-varlociraptor,snakemake-workflows/dna-seq-varlociraptor,snakemake-workflows,88,2020-01-17T10:34:54+00:00,2026-03-08T00:54:14+00:00,https://github.com/snakemake-workflows/dna-seq-varlociraptor,master,"A Snakemake workflow for calling small and structural variants under any kind of scenario (tumor/normal, tumor/normal/relapse, germline, pedigree, populations) via the unified statistical model of Varlociraptor.",false,18794,snakemake
258200660,phylociraptor,reslp/phylociraptor,reslp,27,2020-04-23T12:51:51+00:00,2025-11-21T13:42:30+00:00,https://github.com/reslp/phylociraptor,master,rapid phylogenomic tree calculator - A highly customizable framework for reproducible phylogenomic inference,false,3551,snakemake
363290003,smk-simple-slurm,jdblischak/smk-simple-slurm,jdblischak,165,2021-05-01T00:24:58+00:00,2024-06-20T20:29:02+00:00,https://github.com/jdblischak/smk-simple-slurm,main,A simple Snakemake profile for Slurm without --cluster-config,false,109,snakemake
76841262,smsk_popoolation,jlanga/smsk_popoolation,jlanga,7,2016-12-19T08:03:51+00:00,2024-04-26T13:24:21+00:00,https://github.com/jlanga/smsk_popoolation,master,Snakemake pipeline for Popoolation and Popoolation2,false,16931,snakemake
362852755,PopGLen,zjnolen/PopGLen,zjnolen,26,2021-04-29T14:52:52+00:00,2026-03-05T09:10:23+00:00,https://github.com/zjnolen/PopGLen,master,Bioinformatics pipeline to process whole genome resequencing data and perform genotype likelihood based population genomic analyses using ANGSD and related softwares. Flexible to datasets that combine high/low coverage and historical/fresh samples.,false,22251,snakemake
228350697,PEWO,phylo42/PEWO,phylo42,12,2019-12-16T09:32:03+00:00,2025-01-31T16:01:27+00:00,https://github.com/phylo42/PEWO,master,Phylogenetic Placement Evaluation Workflows : Benchmark placement software and different reference trees,false,8217,snakemake
421139649,kGWASflow,akcorut/kGWASflow,akcorut,45,2021-10-25T18:25:48+00:00,2024-04-18T15:33:51+00:00,https://github.com/akcorut/kGWASflow,main,kGWASflow is a Snakemake workflow for performing k-mers-based GWAS.,false,625,snakemake
106621728,pypsa-eur,PyPSA/pypsa-eur,PyPSA,544,2017-10-11T23:54:41+00:00,2026-03-06T18:34:17+00:00,https://github.com/PyPSA/pypsa-eur,master,PyPSA-Eur: A Sector-Coupled Open Optimisation Model of the European Energy System,false,150501,snakemake
54579435,snakepipes,maxplanck-ie/snakepipes,maxplanck-ie,399,2016-03-23T17:23:31+00:00,2026-03-09T12:44:17+00:00,https://github.com/maxplanck-ie/snakepipes,master,Customizable workflows based on snakemake and python for the analysis of NGS data,false,104117,snakemake
146719342,HRIBO,RickGelhausen/HRIBO,RickGelhausen,13,2018-08-30T08:25:52+00:00,2025-05-22T14:21:58+00:00,https://github.com/RickGelhausen/HRIBO,master,"We present HRIBO (High-throughput annotation by Ribo-seq), a workflow to enable reproducible and high-throughput analysis of bacterial Ribo-seq data. The workflow performs all required pre-processing steps and quality control.  Importantly, HRIBO outputs annotation-independent ORF predictions based on two complementary prokaryotic-focused tools, and integrates them with additional computed features. This facilitates both the rapid discovery of ORFs and their prioritization for functional characterization.",false,2797,snakemake
215093019,hecatomb,shandley/hecatomb,shandley,60,2019-10-14T16:29:07+00:00,2025-09-23T07:10:26+00:00,https://github.com/shandley/hecatomb,main,hecatomb is a virome analysis pipeline for analysis of Illumina sequence data,false,144873,snakemake
368304833,ViroConstrictor,RIVM-bioinformatics/ViroConstrictor,RIVM-bioinformatics,9,2021-05-17T19:48:02+00:00,2026-03-05T15:42:22+00:00,https://github.com/RIVM-bioinformatics/ViroConstrictor,main,ViroConstrictor is a pipeline designed to process raw FastQ data from viral amplicon-based sequencing and generate biologically correct consensus sequences of the given viral genome,false,4286,snakemake
627520321,ScanNeo2,ylab-hi/ScanNeo2,ylab-hi,16,2023-04-13T16:30:13+00:00,2025-11-01T20:36:30+00:00,https://github.com/ylab-hi/ScanNeo2,main,Snakemake-based computational workflow for neoantigen prediction from diverse sources,false,39673,snakemake
260516189,LepWrap,pdimens/LepWrap,pdimens,15,2020-05-01T17:18:28+00:00,2025-06-24T19:28:31+00:00,https://github.com/pdimens/LepWrap,main,A pipeline to use Lep-Map3 to create linkage maps and LepAnchor for anchoring and orienting genome assemblies with said linkage maps.,false,10216,snakemake
161474428,rna-seq-kallisto-sleuth,snakemake-workflows/rna-seq-kallisto-sleuth,snakemake-workflows,68,2018-12-12T10:51:17+00:00,2026-02-25T10:55:05+00:00,https://github.com/snakemake-workflows/rna-seq-kallisto-sleuth,main,A Snakemake workflow for differential expression analysis of RNA-seq data with Kallisto and Sleuth.,false,6140,snakemake
175406207,chipseq-smk-pipeline,JetBrains-Research/chipseq-smk-pipeline,JetBrains-Research,7,2019-03-13T11:20:48+00:00,2026-03-02T11:45:10+00:00,https://github.com/JetBrains-Research/chipseq-smk-pipeline,master,ChIP-Seq processing pipeline on snakemake,false,1323,snakemake
106008621,rna-seq-star-deseq2,snakemake-workflows/rna-seq-star-deseq2,snakemake-workflows,350,2017-10-06T13:37:06+00:00,2025-12-18T12:27:49+00:00,https://github.com/snakemake-workflows/rna-seq-star-deseq2,master,RNA-seq workflow using STAR and DESeq2,false,17383,snakemake
800100015,tucca-rna-seq,tucca-cellag/tucca-rna-seq,tucca-cellag,19,2024-05-13T17:44:05+00:00,2026-03-09T18:53:24+00:00,https://github.com/tucca-cellag/tucca-rna-seq,main,"TUCCA's RNA-Seq Workflow for Read Quantification, Differential Expression, and Pathway Enrichment Analysis",false,32981,snakemake
227202333,CompareM2,cmkobel/CompareM2,cmkobel,74,2019-12-10T19:46:41+00:00,2026-02-25T10:19:51+00:00,https://github.com/cmkobel/CompareM2,master,🦠🧬🧑‍💻📇 Microbial genomes-to-report pipeline,false,115043,snakemake
470061706,transflow,cvn001/transflow,cvn001,19,2022-03-15T08:09:08+00:00,2024-12-03T01:14:46+00:00,https://github.com/cvn001/transflow,master,A snakemake workflow for WGS-based tuberculosis transmission analysis,false,261452,snakemake
475097550,MrBiomics,epigen/MrBiomics,epigen,159,2022-03-28T16:57:54+00:00,2025-11-22T12:46:15+00:00,https://github.com/epigen/MrBiomics,main,MrBiomics: Composable modules and recipes automate bioinformatics for multi-omics analyses,false,41690,snakemake
461011024,genome-seek,OpenOmics/genome-seek,OpenOmics,30,2022-02-18T21:29:42+00:00,2025-10-27T19:51:45+00:00,https://github.com/OpenOmics/genome-seek,main,Clinical Whole Genome and Exome Sequencing Pipeline,false,976,snakemake
627797162,VIPERA,PathoGenOmics-Lab/VIPERA,PathoGenOmics-Lab,8,2023-04-14T08:13:21+00:00,2026-03-09T14:00:18+00:00,https://github.com/PathoGenOmics-Lab/VIPERA,main,A Snakemake workflow for SARS-CoV-2 Viral Intra-Patient Evolution Reporting and Analysis,false,8835,snakemake
565888539,BuscoClade,tomarovsky/BuscoClade,tomarovsky,5,2022-11-14T14:38:57+00:00,2026-03-10T16:52:01+00:00,https://github.com/tomarovsky/BuscoClade,master,Snakemake pipeline to construct species phylogenies using BUSCOs,false,993,snakemake
600248979,snakemake-workflow-fermi-lat,adonath/snakemake-workflow-fermi-lat,adonath,12,2023-02-10T23:24:06+00:00,2025-08-12T14:26:53+00:00,https://github.com/adonath/snakemake-workflow-fermi-lat,main,A Snakemake workflow for Fermi-LAT data reduction,false,93,snakemake
137376259,metaGEM,franciscozorrilla/metaGEM,franciscozorrilla,256,2018-06-14T15:26:05+00:00,2024-07-27T16:02:11+00:00,https://github.com/franciscozorrilla/metaGEM,master,:gem: An easy-to-use workflow for generating context specific genome-scale metabolic models and predicting metabolic interactions within microbial communities directly from metagenomic data,false,275136,snakemake
666426309,3t-seq,boulardlab/3t-seq,boulardlab,8,2023-07-14T13:40:54+00:00,2026-03-04T21:35:09+00:00,https://github.com/boulardlab/3t-seq,main,"A Snakemake workflow for single copy gene, transposable elements and tRNA expression analysis",false,47196,snakemake
322905846,melange,sandragodinhosilva/melange,sandragodinhosilva,5,2020-12-19T17:53:21+00:00,2025-01-03T18:18:24+00:00,https://github.com/sandragodinhosilva/melange,master,Melange - Snakemake workflow for genome annotation,false,96614,snakemake
350342694,atacseq_pipeline,epigen/atacseq_pipeline,epigen,97,2021-03-22T12:53:47+00:00,2025-11-25T16:08:01+00:00,https://github.com/epigen/atacseq_pipeline,main,"Ultimate ATAC-seq Data Processing, Quantification and Annotation Snakemake Workflow and MrBiomics Module.",false,48644,snakemake
57330209,sunbeam,sunbeam-labs/sunbeam,sunbeam-labs,175,2016-04-28T20:01:34+00:00,2026-03-09T05:36:26+00:00,https://github.com/sunbeam-labs/sunbeam,main,"A robust, extensible metagenomics pipeline",false,22034,snakemake
294732111,rna-seq-pop,sanjaynagi/rna-seq-pop,sanjaynagi,18,2020-09-11T15:27:14+00:00,2026-02-17T12:19:06+00:00,https://github.com/sanjaynagi/rna-seq-pop,master,Snakemake workflow for Illumina RNA-sequencing experiments - extract population genomic signals from RNA-Seq data,false,105693,snakemake
369498279,mapache,sneuensc/mapache,sneuensc,34,2021-05-21T10:26:43+00:00,2026-02-20T07:55:06+00:00,https://github.com/sneuensc/mapache,master,mapping pipeline for ancient DNA,false,1658,snakemake
472805431,Genome_assembly_annotation,wzuhou/Genome_assembly_annotation,wzuhou,9,2022-03-22T14:31:04+00:00,2024-09-24T13:54:08+00:00,https://github.com/wzuhou/Genome_assembly_annotation,main,Scripts and pipeine for Genome_assembly_annotation,false,150,snakemake
754764775,TWILIGHT,TurakhiaLab/TWILIGHT,TurakhiaLab,27,2024-02-08T18:15:31+00:00,2026-02-10T20:45:40+00:00,https://github.com/TurakhiaLab/TWILIGHT,main,High throughput tool for tall and wide multiple sequence alignment.,false,45575,snakemake
87865971,sv-callers,GooglingTheCancerGenome/sv-callers,GooglingTheCancerGenome,82,2017-04-10T23:12:15+00:00,2025-02-14T15:59:09+00:00,https://github.com/GooglingTheCancerGenome/sv-callers,master,Snakemake-based workflow for detecting structural variants in genomic data,false,220582,snakemake
665587139,SpikeFlow,DavideBrex/SpikeFlow,DavideBrex,15,2023-07-12T14:30:10+00:00,2025-09-18T14:27:22+00:00,https://github.com/DavideBrex/SpikeFlow,main,"Pipeline to analyse ChIP-Rx data, i.e ChIP-Seq with reference exogenous genome spike-in normalization",false,757823,snakemake
203868414,rnaseq_workflow,vari-bbc/rnaseq_workflow,vari-bbc,13,2019-08-22T20:30:00+00:00,2026-02-27T21:30:15+00:00,https://github.com/vari-bbc/rnaseq_workflow,master,snakemake workflow for bulk RNA-seq workflow using STAR-edgeR ,false,112235,snakemake
383262428,nextclade_data_workflows,neherlab/nextclade_data_workflows,neherlab,5,2021-07-05T20:55:57+00:00,2026-01-12T12:40:25+00:00,https://github.com/neherlab/nextclade_data_workflows,master,,false,7275,snakemake
475465311,unsupervised_analysis,epigen/unsupervised_analysis,epigen,63,2022-03-29T13:52:23+00:00,2026-03-10T15:59:14+00:00,https://github.com/epigen/unsupervised_analysis,main,A general purpose Snakemake workflow and MrBiomics module to perform unsupervised analyses (dimensionality reduction & cluster analysis) and visualizations of high-dimensional data.,false,58696,snakemake
272558705,quaich,open2c/quaich,open2c,22,2020-06-15T22:42:37+00:00,2024-06-27T08:41:55+00:00,https://github.com/open2c/quaich,master,snakemake pipeline for Hi-C post-processing,false,226,snakemake
401301588,zarp,zavolanlab/zarp,zavolanlab,36,2021-08-30T10:21:36+00:00,2026-01-29T09:21:09+00:00,https://github.com/zavolanlab/zarp,dev,The Zavolab Automated RNA-seq Pipeline,false,28335,snakemake
377527671,enrichment_analysis,epigen/enrichment_analysis,epigen,73,2021-06-16T14:38:00+00:00,2026-03-06T14:16:34+00:00,https://github.com/epigen/enrichment_analysis,main,"A Snakemake workflow and MrBiomics module for performing genomic region set and gene set enrichment analyses using LOLA, GREAT, GSEApy, pycisTarget and RcisTarget.",false,1922,snakemake
951923271,rnaseq_pipeline,epigen/rnaseq_pipeline,epigen,42,2025-03-20T13:05:14+00:00,2025-08-05T11:01:48+00:00,https://github.com/epigen/rnaseq_pipeline,main,"RNA-seq Data Processing, Quantification and Annotation Snakemake Workflow and MrBiomics Module.",false,108,snakemake
438295259,MAPP,gruber-sciencelab/MAPP,gruber-sciencelab,9,2021-12-14T15:02:02+00:00,2024-03-27T19:38:01+00:00,https://github.com/gruber-sciencelab/MAPP,main,🗺️ MAPP is a computational method which enables identification of binding motifs for RNA-binding proteins that shape pre-mRNA processing under specific conditions.,false,2514,snakemake
309495236,snakebids,khanlab/snakebids,khanlab,22,2020-11-02T21:07:08+00:00,2026-03-10T04:56:51+00:00,https://github.com/khanlab/snakebids,main,Snakemake + BIDS,false,2816,snakemake
468752490,scrnaseq_processing_seurat,epigen/scrnaseq_processing_seurat,epigen,56,2022-03-11T13:01:17+00:00,2026-01-29T12:38:13+00:00,https://github.com/epigen/scrnaseq_processing_seurat,master,A Snakemake workflow and MrBiomics module for processing and visualizing (multimodal) sc/snRNA-seq data generated with 10X Genomics Kits or in the MTX matrix file format powered by the R package Seurat.,false,1319,snakemake
659800258,spilterlize_integrate,epigen/spilterlize_integrate,epigen,52,2023-06-28T15:29:25+00:00,2026-01-09T14:09:02+00:00,https://github.com/epigen/spilterlize_integrate,main,"A Snakemake workflow and MrBiomics module to split, filter, normalize, integrate and select highly variable features of count matrices resulting from next-generation sequencing (NGS) experiments (e.g., RNA-seq, ATAC-seq, ChIP-seq, Methyl-seq, miRNA-seq,...) including confounding factor analysis and diagnostic visualizations.",false,145,snakemake
743443557,snakemake-ont-bacterial-variants,MPUSP/snakemake-ont-bacterial-variants,MPUSP,7,2024-01-15T08:50:44+00:00,2026-02-11T07:59:27+00:00,https://github.com/MPUSP/snakemake-ont-bacterial-variants,main,A Snakemake workflow for the identification of variants in bacterial genomes using nanopore long-read sequencing.,false,30236,snakemake
91535990,Spritz,smith-chem-wisc/Spritz,smith-chem-wisc,7,2017-05-17T05:12:11+00:00,2024-06-19T17:15:33+00:00,https://github.com/smith-chem-wisc/Spritz,master,Software for RNA-Seq analysis to create sample-specific proteoform databases from RNA-Seq data,false,36445,snakemake
708182189,rna-seq-salmon-deseq2,niekwit/rna-seq-salmon-deseq2,niekwit,5,2023-10-21T19:12:01+00:00,2025-05-14T09:35:14+00:00,https://github.com/niekwit/rna-seq-salmon-deseq2,main,Snakemake workflow for RNA-Seq differential transcript analysis using Salmon/Deseq2,false,332314,snakemake
513205715,ROADIES,TurakhiaLab/ROADIES,TurakhiaLab,44,2022-07-12T15:58:03+00:00,2026-02-15T05:32:10+00:00,https://github.com/TurakhiaLab/ROADIES,main,Tool for fully-automated inference of species trees from raw genome assemblies,false,289067,snakemake
524038188,dea_limma,epigen/dea_limma,epigen,60,2022-08-12T10:02:19+00:00,2025-11-25T12:23:57+00:00,https://github.com/epigen/dea_limma,main,A Snakemake workflow and MrBiomics module for performing and visualizing differential analyses of NGS data powered by the R package limma.,false,209,snakemake
438573546,genome_tracks,epigen/genome_tracks,epigen,55,2021-12-15T09:40:20+00:00,2025-08-05T11:13:48+00:00,https://github.com/epigen/genome_tracks,main,"A Snakemake workflow and MrBiomics module for easy visualization of genome browser tracks of aligned BAM files (e.g., RNA-seq, ATAC-seq, scRNA-seq, ...) powered by the wrapper gtracks for the package pyGenomeTracks, and IGV-reports.",false,101,snakemake
483638364,dea_seurat,epigen/dea_seurat,epigen,53,2022-04-20T12:07:21+00:00,2025-09-05T13:54:12+00:00,https://github.com/epigen/dea_seurat,main,A Snakemake workflow and MrBiomics module for performing differential expression analyses (DEA) on (multimodal) sc/snRNA-seq data powered by the R package Seurat.,false,374,snakemake
481635018,mixscape_seurat,epigen/mixscape_seurat,epigen,53,2022-04-14T14:26:34+00:00,2025-12-07T12:58:32+00:00,https://github.com/epigen/mixscape_seurat,main,A Snakemake workflow and MrBiomics module for performing perturbation analyses of pooled (multimodal) CRISPR screens with sc/snRNA-seq read-out (scCRISPR-seq) powered by the R package Seurat's method Mixscape.,false,121,snakemake
812545631,msiflow,Immunodynamics-Engel-Lab/msiflow,Immunodynamics-Engel-Lab,22,2024-06-09T07:48:29+00:00,2026-03-10T13:20:59+00:00,https://github.com/Immunodynamics-Engel-Lab/msiflow,main,collection of mass spectrometry imaging workflows,false,42149,snakemake
578672324,nanite,OpenOmics/nanite,OpenOmics,5,2022-12-15T15:56:05+00:00,2025-03-27T19:53:22+00:00,https://github.com/OpenOmics/nanite,main,A streamlined Oxford Nanopore Viral Metagenomics Pipeline ,false,642,snakemake
63349223,tibanna,4dn-dcic/tibanna,4dn-dcic,71,2016-07-14T15:42:51+00:00,2025-10-16T21:35:46+00:00,https://github.com/4dn-dcic/tibanna,master," Tibanna helps you run your genomic pipelines on Amazon cloud (AWS). It is used by the 4DN DCIC (4D Nucleome Data Coordination and Integration Center) to process data. Tibanna supports CWL/WDL (w/ docker), Snakemake (w/ conda) and custom Docker/shell command.",false,140220,snakemake
53329678,sequana,sequana/sequana,sequana,151,2016-03-07T14:00:07+00:00,2026-03-08T22:52:09+00:00,https://github.com/sequana/sequana,main,Sequana: a set of Snakemake NGS pipelines,false,37726,snakemake
262336126,snek5000,snek5000/snek5000,snek5000,30,2020-05-08T13:51:48+00:00,2026-01-13T14:38:55+00:00,https://github.com/snek5000/snek5000,main,:snake: Python framework for Nek5000 :rocket:,false,1994,snakemake
66378751,smsk,jlanga/smsk,jlanga,19,2016-08-23T15:19:34+00:00,2024-05-17T14:57:33+00:00,https://github.com/jlanga/smsk,master,Snakemake skeleton - Build workflows with Snakemake,false,408,snakemake
493136719,snakedoc,smutch/snakedoc,smutch,9,2022-05-17T07:12:11+00:00,2026-03-09T20:41:15+00:00,https://github.com/smutch/snakedoc,main,A Sphinx extension for Snakemake workflows,false,3626,snakemake
344768205,RDscan,dbespiatykh/RDscan,dbespiatykh,6,2021-03-05T10:01:53+00:00,2025-03-13T16:44:37+00:00,https://github.com/dbespiatykh/RDscan,master,A snakemake workflow for regions of difference discovery in Mycobacterium tuberculosis complex (MTBC) samples,false,83312,snakemake
610267492,mirflowz,zavolanlab/mirflowz,zavolanlab,6,2023-03-06T12:40:12+00:00,2026-03-01T18:58:21+00:00,https://github.com/zavolanlab/mirflowz,dev,Snakemake workflow for the mapping and quantification of miRNAs and isomiRs from miRNA-Seq libraries.,false,3920,snakemake
913777617,VIS,aweich/VIS,aweich,5,2025-01-08T10:34:26+00:00,2025-12-18T08:20:50+00:00,https://github.com/aweich/VIS,main,Snakemake workflow for the detection of vector insertion sites (VIS) in long-read sequencing data,false,11870,snakemake
89386223,pyflow-ChIPseq,crazyhottommy/pyflow-ChIPseq,crazyhottommy,132,2017-04-25T17:05:43+00:00,2026-01-01T02:36:57+00:00,https://github.com/crazyhottommy/pyflow-ChIPseq,master,a snakemake pipeline to process ChIP-seq files from GEO or in-house ,false,1016,snakemake
222068375,ngs-pipeline,tjbencomo/ngs-pipeline,tjbencomo,24,2019-11-16T08:18:44+00:00,2024-05-07T06:34:53+00:00,https://github.com/tjbencomo/ngs-pipeline,master,Pipeline for Somatic Variant Calling with WES and WGS data,false,12862,snakemake
488652522,qadabra,biocore/qadabra,biocore,13,2022-05-04T15:55:21+00:00,2024-03-22T21:58:24+00:00,https://github.com/biocore/qadabra,main,Snakemake workflow for comparison of differential abundance ranks,false,16525,snakemake
292886119,mikropml-snakemake-workflow,SchlossLab/mikropml-snakemake-workflow,SchlossLab,13,2020-09-04T15:42:46+00:00,2025-02-26T04:51:25+00:00,https://github.com/SchlossLab/mikropml-snakemake-workflow,main,Snakemake template for building reusable and scalable machine learning pipelines with mikropml ,false,7535,snakemake
955181053,snakemake-ont-basecalling,MPUSP/snakemake-ont-basecalling,MPUSP,5,2025-03-26T08:33:56+00:00,2026-01-16T12:49:55+00:00,https://github.com/MPUSP/snakemake-ont-basecalling,main,A Snakemake workflow for basecalling and demultiplexing of Oxford Nanopore data using Dorado.,false,495,snakemake
944299122,Learn-Snakemake,seanpm2001/Learn-Snakemake,seanpm2001,6,2025-03-07T05:34:47+00:00,2025-03-07T06:39:49+00:00,https://github.com/seanpm2001/Learn-Snakemake,Learn-Snakemake_Main-dev,"📚️ A repository for showcasing my knowledge of the Snakemake programming language, and continuing to learn the language. ",false,271,snakemake
944299739,SNU_2D_ProgrammingTools_IDE_Snakemake,seanpm2001/SNU_2D_ProgrammingTools_IDE_Snakemake,seanpm2001,6,2025-03-07T05:36:31+00:00,2025-03-07T06:41:30+00:00,https://github.com/seanpm2001/SNU_2D_ProgrammingTools_IDE_Snakemake,SNU_2D_ProgrammingTools_IDE_Snakemake_Main-dev,⌨️ The Snakemake programming language IDE submodule for SNU Programming Tools (2D Mode),false,280,snakemake
128196921,sv-gen,GooglingTheCancerGenome/sv-gen,GooglingTheCancerGenome,7,2018-04-05T11:31:25+00:00,2025-02-14T15:57:46+00:00,https://github.com/GooglingTheCancerGenome/sv-gen,master,Snakemake-based workflow for generating artificial genomes with structural variants,false,23586,snakemake
459800775,metavirs,OpenOmics/metavirs,OpenOmics,6,2022-02-16T00:45:54+00:00,2025-03-17T15:43:15+00:00,https://github.com/OpenOmics/metavirs,main,Viral Metagenomics Assembly and Annotation Pipeline,false,712,snakemake
832102875,snakemake-bacterial-riboseq,MPUSP/snakemake-bacterial-riboseq,MPUSP,5,2024-07-22T11:06:11+00:00,2026-02-12T12:43:26+00:00,https://github.com/MPUSP/snakemake-bacterial-riboseq,main,Bacterial-Riboseq: A Snakemake workflow for the analysis of riboseq data in bacteria.,false,1274,snakemake
460907866,metamorph,OpenOmics/metamorph,OpenOmics,5,2022-02-18T15:36:36+00:00,2025-09-12T16:28:21+00:00,https://github.com/OpenOmics/metamorph,main,Metagenomics and Metatranscriptomics pipeline,false,9201,snakemake
107568078,cookiecutter-reproducible-research,timtroendle/cookiecutter-reproducible-research,timtroendle,37,2017-10-19T15:57:01+00:00,2025-07-14T12:12:13+00:00,https://github.com/timtroendle/cookiecutter-reproducible-research,main,"A cookiecutter template for reproducible research projects using Python, Snakemake, and Pandoc.",false,107,snakemake
256166004,VesselExpress,RUB-Bioinf/VesselExpress,RUB-Bioinf,53,2020-04-16T09:16:05+00:00,2024-06-06T11:24:58+00:00,https://github.com/RUB-Bioinf/VesselExpress,master,🔬🖥 Automated Blood Vasculature Analysis of 3D Light-Sheet Image Volumes,false,56180,snakemake
142396705,zAMP,metagenlab/zAMP,metagenlab,9,2018-07-26T06:11:38+00:00,2026-02-05T10:12:08+00:00,https://github.com/metagenlab/zAMP,master,"zAMP is a bioinformatic pipeline designed for convenient, reproducible and scalable amplicon-based metagenomics",false,207649,snakemake
197674437,varCA,mcvickerlab/varCA,mcvickerlab,23,2019-07-19T00:29:55+00:00,2025-05-14T22:25:25+00:00,https://github.com/mcvickerlab/varCA,master,Use an ensemble of variant callers to call variants from ATAC-seq data,false,366,snakemake
356403307,GEMSCAN,NCI-CGR/GEMSCAN,NCI-CGR,8,2021-04-09T21:34:14+00:00,2026-01-26T20:52:11+00:00,https://github.com/NCI-CGR/GEMSCAN,main,"Joint variant calling with GATK4 HaplotypeCaller, Google DeepVariant 1.0.0 and Strelka2, coordinated via Snakemake.",false,18235,snakemake
578197150,snakemake-ms-proteomics,MPUSP/snakemake-ms-proteomics,MPUSP,13,2022-12-14T13:39:47+00:00,2025-01-30T14:06:23+00:00,https://github.com/MPUSP/snakemake-ms-proteomics,main,Pipeline for automatic processing and quality control of mass spectrometry data,false,1446,snakemake
342518944,zarp-cli,zavolanlab/zarp-cli,zavolanlab,6,2021-02-26T09:01:18+00:00,2025-08-26T11:13:20+00:00,https://github.com/zavolanlab/zarp-cli,dev,A user-friendly command-line interface for the ZARP RNA-seq analysis workflow,false,44969,snakemake
736008758,moka,davidenoma/moka,davidenoma,8,2023-12-26T18:06:52+00:00,2026-01-12T18:15:36+00:00,https://github.com/davidenoma/moka,main,"MOKA Snakemake pipeline for GWAS incorporating user provided multi-omics data sources such as gene expression, neural network weights, transcription factor binding, and evolutionary conservation scores.",false,1632,snakemake
623835672,snakemake-crispr-guides,MPUSP/snakemake-crispr-guides,MPUSP,8,2023-04-05T07:31:47+00:00,2026-03-06T07:29:06+00:00,https://github.com/MPUSP/snakemake-crispr-guides,main,A Snakemake workflow for the design of small guide RNAs (sgRNAs) for CRISPR applications.,false,811,snakemake
614701579,chipdip-pipeline,GuttmanLab/chipdip-pipeline,GuttmanLab,5,2023-03-16T06:15:26+00:00,2026-03-06T03:54:49+00:00,https://github.com/GuttmanLab/chipdip-pipeline,main,Pipeline to process sequencing reads from a ChIP-DIP experiment,false,4848,snakemake
86518697,distiller-sm,open2c/distiller-sm,open2c,5,2017-03-28T23:52:40+00:00,2026-01-14T13:57:45+00:00,https://github.com/open2c/distiller-sm,master,a Snakemake version of distiller - the Open2C Hi-C mapping workflow,false,155,snakemake
86098806,ymp,epruesse/ymp,epruesse,17,2017-03-24T18:25:51+00:00,2025-10-16T18:30:56+00:00,https://github.com/epruesse/ymp,master,Flexible omics pipeline,false,4038,snakemake
